{
  "accuracy": 0.8554611526256526,
  "precision": 0.7378691983122363,
  "recall": 0.6045808124459809,
  "f1_score": 0.6646080760095012,
  "confusion_matrix": [
    [
      6958,
      497
    ],
    [
      915,
      1399
    ]
  ]
}