{
  "accuracy": 0.8545398710205753,
  "precision": 0.7385955920041004,
  "recall": 0.6126700680272109,
  "f1_score": 0.6697652800371834,
  "roc_auc": 0.9088111380456186,
  "confusion_matrix": [
    [
      6907,
      510
    ],
    [
      911,
      1441
    ]
  ]
}