{
  "accuracy": 0.8570989865902344,
  "precision": 0.7368681863230921,
  "recall": 0.6322278911564626,
  "f1_score": 0.6805491990846682,
  "roc_auc": 0.9134311436587579,
  "confusion_matrix": [
    [
      6886,
      531
    ],
    [
      865,
      1487
    ]
  ]
}