{
  "accuracy": 0.8111372709591566,
  "precision": 0.5977490621092122,
  "recall": 0.6197061365600691,
  "f1_score": 0.6085295989815405,
  "confusion_matrix": [
    [
      6490,
      965
    ],
    [
      880,
      1434
    ]
  ]
}